<?xml version='1.0' encoding='UTF-8'?>
<?artifactRepository version='1.1.0'?>
<repository name='Bundle pool' type='org.eclipse.equinox.p2.artifact.repository.simpleRepository' version='1'>
  <properties size='2'>
    <property name='p2.system' value='true'/>
    <property name='p2.timestamp' value='1505142649972'/>
  </properties>
  <mappings size='3'>
    <rule filter='(&amp; (classifier=osgi.bundle))' output='${repoUrl}/plugins/${id}_${version}.jar'/>
    <rule filter='(&amp; (classifier=binary))' output='${repoUrl}/binary/${id}_${version}'/>
    <rule filter='(&amp; (classifier=org.eclipse.update.feature))' output='${repoUrl}/features/${id}_${version}.jar'/>
  </mappings>
  <artifacts size='77'>
    <artifact classifier='osgi.bundle' id='org.eclipse.e4.ui.workbench.swt' version='0.14.100.v20170519-1601'>
      <properties size='1'>
        <property name='download.size' value='172142'/>
      </properties>
    </artifact>
    <artifact classifier='osgi.bundle' id='org.eclipse.e4.ui.services' version='1.3.0.v20170307-2032'>
      <properties size='1'>
        <property name='download.size' value='25795'/>
      </properties>
    </artifact>
    <artifact classifier='osgi.bundle' id='org.eclipse.core.contenttype' version='3.6.0.v20170207-1037'>
      <properties size='1'>
        <property name='download.size' value='104299'/>
      </properties>
    </artifact>
    <artifact classifier='osgi.bundle' id='org.eclipse.core.filesystem' version='1.7.0.v20170406-1337'>
      <properties size='1'>
        <property name='download.size' value='66690'/>
      </properties>
    </artifact>
    <artifact classifier='osgi.bundle' id='org.eclipse.jface' version='3.13.0.v20170503-1507'>
      <properties size='1'>
        <property name='download.size' value='1097029'/>
      </properties>
    </artifact>
    <artifact classifier='osgi.bundle' id='org.eclipse.e4.core.di.extensions.supplier' version='0.15.0.v20170407-0928'>
      <properties size='1'>
        <property name='download.size' value='35137'/>
      </properties>
    </artifact>
    <artifact classifier='osgi.bundle' id='org.eclipse.e4.ui.di' version='1.2.100.v20170414-1137'>
      <properties size='1'>
        <property name='download.size' value='17592'/>
      </properties>
    </artifact>
    <artifact classifier='osgi.bundle' id='org.eclipse.core.expressions' version='3.6.0.v20170207-1037'>
      <properties size='1'>
        <property name='download.size' value='91726'/>
      </properties>
    </artifact>
    <artifact classifier='osgi.bundle' id='org.eclipse.e4.core.di.extensions' version='0.15.0.v20170228-1728'>
      <properties size='1'>
        <property name='download.size' value='11425'/>
      </properties>
    </artifact>
    <artifact classifier='osgi.bundle' id='org.eclipse.equinox.launcher' version='1.4.0.v20161219-1356'>
      <properties size='1'>
        <property name='download.size' value='54427'/>
      </properties>
    </artifact>
    <artifact classifier='osgi.bundle' id='org.eclipse.help' version='3.8.0.v20160823-1530'>
      <properties size='1'>
        <property name='download.size' value='270058'/>
      </properties>
    </artifact>
    <artifact classifier='osgi.bundle' id='org.eclipse.e4.core.contexts' version='1.6.0.v20170322-1144'>
      <properties size='1'>
        <property name='download.size' value='48411'/>
      </properties>
    </artifact>
    <artifact classifier='org.eclipse.update.feature' id='hong.tools.feature' version='1.0.0.201709111510'>
      <properties size='1'>
        <property name='download.size' value='754'/>
      </properties>
      <repositoryProperties size='1'>
        <property name='artifact.folder' value='true'/>
      </repositoryProperties>
    </artifact>
    <artifact classifier='osgi.bundle' id='org.eclipse.core.databinding.property' version='1.6.100.v20170515-1119'>
      <properties size='1'>
        <property name='download.size' value='196563'/>
      </properties>
    </artifact>
    <artifact classifier='osgi.bundle' id='org.eclipse.e4.ui.css.core' version='0.12.100.v20170526-1635'>
      <properties size='1'>
        <property name='download.size' value='216030'/>
      </properties>
    </artifact>
    <artifact classifier='osgi.bundle' id='org.eclipse.equinox.launcher.win32.win32.x86' version='1.1.500.v20170531-1133'>
      <properties size='1'>
        <property name='download.size' value='28161'/>
      </properties>
      <repositoryProperties size='1'>
        <property name='artifact.folder' value='true'/>
      </repositoryProperties>
    </artifact>
    <artifact classifier='osgi.bundle' id='org.eclipse.e4.ui.workbench' version='1.5.0.v20170412-0908'>
      <properties size='1'>
        <property name='download.size' value='261876'/>
      </properties>
    </artifact>
    <artifact classifier='osgi.bundle' id='org.eclipse.text' version='3.6.100.v20170203-0814'>
      <properties size='1'>
        <property name='download.size' value='269466'/>
      </properties>
    </artifact>
    <artifact classifier='osgi.bundle' id='org.eclipse.core.filebuffers' version='3.6.100.v20170203-1130'>
      <properties size='1'>
        <property name='download.size' value='120247'/>
      </properties>
    </artifact>
    <artifact classifier='osgi.bundle' id='org.eclipse.swt' version='3.106.0.v20170608-0516'>
      <properties size='1'>
        <property name='download.size' value='19372'/>
      </properties>
    </artifact>
    <artifact classifier='osgi.bundle' id='org.eclipse.ui.editors' version='3.11.0.v20170202-1823'>
      <properties size='1'>
        <property name='download.size' value='638547'/>
      </properties>
    </artifact>
    <artifact classifier='osgi.bundle' id='org.eclipse.e4.core.commands' version='0.12.100.v20170513-0428'>
      <properties size='1'>
        <property name='download.size' value='25607'/>
      </properties>
    </artifact>
    <artifact classifier='osgi.bundle' id='org.eclipse.core.runtime' version='3.13.0.v20170207-1030'>
      <properties size='1'>
        <property name='download.size' value='75827'/>
      </properties>
    </artifact>
    <artifact classifier='osgi.bundle' id='org.eclipse.e4.ui.workbench.renderers.swt' version='0.14.100.v20170612-1255'>
      <properties size='1'>
        <property name='download.size' value='261867'/>
      </properties>
    </artifact>
    <artifact classifier='osgi.bundle' id='org.eclipse.jface.databinding' version='1.8.100.v20170503-1507'>
      <properties size='1'>
        <property name='download.size' value='292294'/>
      </properties>
    </artifact>
    <artifact classifier='osgi.bundle' id='org.eclipse.core.commands' version='3.9.0.v20170530-1048'>
      <properties size='1'>
        <property name='download.size' value='115689'/>
      </properties>
    </artifact>
    <artifact classifier='osgi.bundle' id='org.tukaani.xz' version='1.5.0.v20170111-1717'>
      <properties size='1'>
        <property name='download.size' value='118332'/>
      </properties>
    </artifact>
    <artifact classifier='osgi.bundle' id='org.eclipse.e4.ui.workbench.addons.swt' version='1.3.1.v20170319-1442'>
      <properties size='1'>
        <property name='download.size' value='157046'/>
      </properties>
    </artifact>
    <artifact classifier='osgi.bundle' id='org.eclipse.ui.workbench' version='3.110.0.v20170612-1255'>
      <properties size='1'>
        <property name='download.size' value='3734264'/>
      </properties>
    </artifact>
    <artifact classifier='osgi.bundle' id='org.eclipse.equinox.p2.metadata.repository' version='1.2.400.v20170511-1106'>
      <properties size='1'>
        <property name='download.size' value='122423'/>
      </properties>
    </artifact>
    <artifact classifier='osgi.bundle' id='org.eclipse.emf.ecore' version='2.13.0.v20170609-0707'>
      <properties size='1'>
        <property name='download.size' value='1202399'/>
      </properties>
    </artifact>
    <artifact classifier='osgi.bundle' id='org.eclipse.equinox.p2.core' version='2.4.100.v20160419-0834'>
      <properties size='1'>
        <property name='download.size' value='73322'/>
      </properties>
    </artifact>
    <artifact classifier='osgi.bundle' id='org.eclipse.emf.ecore.xmi' version='2.13.0.v20170609-0707'>
      <properties size='1'>
        <property name='download.size' value='230576'/>
      </properties>
    </artifact>
    <artifact classifier='osgi.bundle' id='hong.tools.rcp' version='2.0.1.201709111510'>
      <properties size='1'>
        <property name='download.size' value='10971430'/>
      </properties>
    </artifact>
    <artifact classifier='osgi.bundle' id='org.eclipse.e4.ui.css.swt' version='0.13.0.v20170516-1617'>
      <properties size='1'>
        <property name='download.size' value='262154'/>
      </properties>
    </artifact>
    <artifact classifier='osgi.bundle' id='org.eclipse.equinox.p2.repository' version='2.3.300.v20170511-1216'>
      <properties size='1'>
        <property name='download.size' value='134161'/>
      </properties>
    </artifact>
    <artifact classifier='osgi.bundle' id='org.apache.commons.jxpath' version='1.3.0.v200911051830'>
      <properties size='1'>
        <property name='download.size' value='315491'/>
      </properties>
    </artifact>
    <artifact classifier='osgi.bundle' id='org.eclipse.e4.core.services' version='2.1.0.v20170407-0928'>
      <properties size='1'>
        <property name='download.size' value='56924'/>
      </properties>
    </artifact>
    <artifact classifier='osgi.bundle' id='org.eclipse.equinox.app' version='1.3.400.v20150715-1528'>
      <properties size='1'>
        <property name='download.size' value='87766'/>
      </properties>
    </artifact>
    <artifact classifier='osgi.bundle' id='org.eclipse.compare.core' version='3.6.100.v20170516-0820'>
      <properties size='1'>
        <property name='download.size' value='67848'/>
      </properties>
    </artifact>
    <artifact classifier='osgi.bundle' id='org.eclipse.e4.ui.bindings' version='0.12.0.v20170312-2302'>
      <properties size='1'>
        <property name='download.size' value='50790'/>
      </properties>
    </artifact>
    <artifact classifier='osgi.bundle' id='org.eclipse.equinox.event' version='1.4.0.v20170105-1446'>
      <properties size='1'>
        <property name='download.size' value='34721'/>
      </properties>
    </artifact>
    <artifact classifier='osgi.bundle' id='javax.inject' version='1.0.0.v20091030'>
      <properties size='1'>
        <property name='download.size' value='16996'/>
      </properties>
    </artifact>
    <artifact classifier='osgi.bundle' id='org.eclipse.e4.ui.widgets' version='1.2.0.v20160630-0736'>
      <properties size='1'>
        <property name='download.size' value='15385'/>
      </properties>
    </artifact>
    <artifact classifier='osgi.bundle' id='org.eclipse.equinox.security' version='1.2.300.v20170505-1235'>
      <properties size='1'>
        <property name='download.size' value='109819'/>
      </properties>
    </artifact>
    <artifact classifier='osgi.bundle' id='org.eclipse.ui.workbench.texteditor' version='3.10.100.v20170426-2021'>
      <properties size='1'>
        <property name='download.size' value='669037'/>
      </properties>
    </artifact>
    <artifact classifier='osgi.bundle' id='org.eclipse.equinox.ds' version='1.5.0.v20170307-1429'>
      <properties size='1'>
        <property name='download.size' value='28783'/>
      </properties>
    </artifact>
    <artifact classifier='osgi.bundle' id='org.eclipse.equinox.registry' version='3.7.0.v20170222-1344'>
      <properties size='1'>
        <property name='download.size' value='187348'/>
      </properties>
    </artifact>
    <artifact classifier='osgi.bundle' id='org.apache.batik.util' version='1.8.0.v20170214-1941'>
      <properties size='1'>
        <property name='download.size' value='130465'/>
      </properties>
    </artifact>
    <artifact classifier='osgi.bundle' id='org.eclipse.core.jobs' version='3.9.0.v20170322-0013'>
      <properties size='1'>
        <property name='download.size' value='107104'/>
      </properties>
    </artifact>
    <artifact classifier='osgi.bundle' id='org.eclipse.equinox.bidi' version='1.1.0.v20160728-1031'>
      <properties size='1'>
        <property name='download.size' value='49765'/>
      </properties>
    </artifact>
    <artifact classifier='osgi.bundle' id='org.eclipse.e4.core.di' version='1.6.100.v20170421-1418'>
      <properties size='1'>
        <property name='download.size' value='54497'/>
      </properties>
    </artifact>
    <artifact classifier='osgi.bundle' id='org.eclipse.core.databinding' version='1.6.100.v20170515-1119'>
      <properties size='1'>
        <property name='download.size' value='207916'/>
      </properties>
    </artifact>
    <artifact classifier='osgi.bundle' id='org.eclipse.osgi.services' version='3.6.0.v20170228-1906'>
      <properties size='1'>
        <property name='download.size' value='121220'/>
      </properties>
    </artifact>
    <artifact classifier='osgi.bundle' id='org.eclipse.e4.core.di.annotations' version='1.6.0.v20170119-2002'>
      <properties size='1'>
        <property name='download.size' value='12282'/>
      </properties>
    </artifact>
    <artifact classifier='osgi.bundle' id='org.apache.felix.scr' version='2.0.10.v20170501-2007'>
      <properties size='1'>
        <property name='download.size' value='372298'/>
      </properties>
    </artifact>
    <artifact classifier='osgi.bundle' id='org.eclipse.e4.emf.xpath' version='0.2.0.v20160630-0728'>
      <properties size='1'>
        <property name='download.size' value='50090'/>
      </properties>
    </artifact>
    <artifact classifier='osgi.bundle' id='org.eclipse.equinox.common' version='3.9.0.v20170207-1454'>
      <properties size='1'>
        <property name='download.size' value='121509'/>
      </properties>
    </artifact>
    <artifact classifier='osgi.bundle' id='org.eclipse.ui' version='3.109.0.v20170411-1742'>
      <properties size='1'>
        <property name='download.size' value='469879'/>
      </properties>
    </artifact>
    <artifact classifier='osgi.bundle' id='org.eclipse.core.databinding.observable' version='1.6.100.v20170515-1119'>
      <properties size='1'>
        <property name='download.size' value='354601'/>
      </properties>
    </artifact>
    <artifact classifier='osgi.bundle' id='org.eclipse.e4.ui.workbench3' version='0.14.0.v20160630-0740'>
      <properties size='1'>
        <property name='download.size' value='10947'/>
      </properties>
    </artifact>
    <artifact classifier='osgi.bundle' id='org.eclipse.equinox.p2.metadata' version='2.3.200.v20170511-1106'>
      <properties size='1'>
        <property name='download.size' value='343548'/>
      </properties>
    </artifact>
    <artifact classifier='osgi.bundle' id='org.w3c.css.sac' version='1.3.1.v200903091627'>
      <properties size='1'>
        <property name='download.size' value='38584'/>
      </properties>
    </artifact>
    <artifact classifier='osgi.bundle' id='com.ibm.icu.base' version='58.2.0.v20170418-1837'>
      <properties size='1'>
        <property name='download.size' value='197077'/>
      </properties>
    </artifact>
    <artifact classifier='osgi.bundle' id='org.eclipse.jface.text' version='3.12.0.v20170523-1043'>
      <properties size='1'>
        <property name='download.size' value='1080987'/>
      </properties>
    </artifact>
    <artifact classifier='osgi.bundle' id='org.eclipse.swt.win32.win32.x86' version='3.106.0.v20170608-0516'>
      <properties size='1'>
        <property name='download.size' value='2780880'/>
      </properties>
    </artifact>
    <artifact classifier='osgi.bundle' id='org.eclipse.equinox.p2.engine' version='2.5.0.v20170319-2002'>
      <properties size='1'>
        <property name='download.size' value='214862'/>
      </properties>
    </artifact>
    <artifact classifier='osgi.bundle' id='org.eclipse.equinox.preferences' version='3.7.0.v20170126-2132'>
      <properties size='1'>
        <property name='download.size' value='133219'/>
      </properties>
    </artifact>
    <artifact classifier='osgi.bundle' id='org.eclipse.e4.ui.model.workbench' version='2.0.0.v20170228-1842'>
      <properties size='1'>
        <property name='download.size' value='389855'/>
      </properties>
    </artifact>
    <artifact classifier='osgi.bundle' id='org.eclipse.ui.ide' version='3.13.0.v20170516-1223'>
      <properties size='1'>
        <property name='download.size' value='2564876'/>
      </properties>
    </artifact>
    <artifact classifier='osgi.bundle' id='org.eclipse.e4.ui.css.swt.theme' version='0.11.0.v20170312-2302'>
      <properties size='1'>
        <property name='download.size' value='28379'/>
      </properties>
    </artifact>
    <artifact classifier='osgi.bundle' id='org.eclipse.osgi.util' version='3.4.0.v20170111-1608'>
      <properties size='1'>
        <property name='download.size' value='50252'/>
      </properties>
    </artifact>
    <artifact classifier='osgi.bundle' id='org.eclipse.emf.common' version='2.13.0.v20170609-0707'>
      <properties size='1'>
        <property name='download.size' value='358560'/>
      </properties>
    </artifact>
    <artifact classifier='osgi.bundle' id='org.eclipse.osgi' version='3.12.0.v20170512-1932'>
      <properties size='1'>
        <property name='download.size' value='1387171'/>
      </properties>
    </artifact>
    <artifact classifier='osgi.bundle' id='org.eclipse.emf.ecore.change' version='2.11.0.v20170609-0707'>
      <properties size='1'>
        <property name='download.size' value='86988'/>
      </properties>
    </artifact>
    <artifact classifier='osgi.bundle' id='org.eclipse.core.resources' version='3.12.0.v20170417-1558'>
      <properties size='1'>
        <property name='download.size' value='891666'/>
      </properties>
    </artifact>
    <artifact classifier='osgi.bundle' id='org.apache.batik.css' version='1.8.0.v20170214-1941'>
      <properties size='1'>
        <property name='download.size' value='292911'/>
      </properties>
    </artifact>
  </artifacts>
</repository>
